Item No.,Component,Qty.,Specification,Approx. Price (INR),Purchase Link
1,Arduino UNO,1,UNO R3 compatible,259,https://robokits.co.in/
2,Flex Sensor 2.2 inch,1,2.2-inch resistive flex sensor,294,https://aryabot.in/
3,Servo Motor,1,SG90 9g micro servo,99,https://harishprojects.com/
4,Resistor 10k ohm,5,10k Ohms,500,https://rees52.com/
5,Transparent String / Fishing String,1,Monofilament fishing line,149,https://www.decathlon.in/
6,2/3mm Elastic Rope,1,"2mm elastic cord, ~50m",192,https://www.meesho.com/
7,Adhesive Glue,1,20W hot-melt glue gun with glue sticks,188,https://www.amazon.in/
8,Breadboard,1,400-point solderless breadboard,158,https://www.amazon.in/
9,Jumper Wires,1,40 pcs Dupont jumper wires,299,https://www.amazon.in/
